{"cameraMode":{"drawMode":0,"name":"Shaded","section":"Shading Mode"},"sceneLighting":true,"audioPlay":false,"sceneViewState":{"showFog":true,"showMaterialUpdate":false,"showSkybox":true,"showFlares":true,"showImageEffects":true,"showParticleSystems":true},"in2DMode":false,"pivot":{"x":-24.402793884277345,"y":-51.199493408203128,"z":32.121707916259769},"rotation":{"x":0.30660516023635867,"y":0.06291025876998902,"z":-0.020314650610089303,"w":0.9495382905006409},"size":118.87512969970703,"orthographic":false}