{"cameraMode":{"drawMode":0,"name":"Shaded","section":"Shading Mode"},"sceneLighting":false,"audioPlay":false,"sceneViewState":{"showFog":true,"showMaterialUpdate":false,"showSkybox":true,"showFlares":true,"showImageEffects":true,"showParticleSystems":true},"in2DMode":false,"pivot":{"x":8.561285018920899,"y":0.869835615158081,"z":41.1016731262207},"rotation":{"x":-0.026287361979484559,"y":-0.9691632986068726,"z":0.21420808136463166,"w":-0.11893884092569351},"size":3.9890828132629396,"orthographic":false}