{"cameraMode":{"drawMode":0,"name":"Shaded","section":"Shading Mode"},"sceneLighting":false,"audioPlay":false,"sceneViewState":{"showFog":true,"showMaterialUpdate":false,"showSkybox":true,"showFlares":true,"showImageEffects":true,"showParticleSystems":true},"in2DMode":false,"pivot":{"x":40.37330627441406,"y":13.865052223205567,"z":-10.367148399353028},"rotation":{"x":0.099872887134552,"y":-0.8879880905151367,"z":0.230089470744133,"w":0.3854367136955261},"size":3.989084243774414,"orthographic":false}