{"cameraMode":{"drawMode":0,"name":"Shaded","section":"Shading Mode"},"sceneLighting":false,"audioPlay":false,"sceneViewState":{"showFog":true,"showMaterialUpdate":false,"showSkybox":true,"showFlares":true,"showImageEffects":true,"showParticleSystems":true},"in2DMode":false,"pivot":{"x":38.23771667480469,"y":16.273611068725587,"z":-23.300180435180665},"rotation":{"x":-0.1437951922416687,"y":0.8488147854804993,"z":-0.29391512274742129,"w":-0.41527149081230166},"size":3.989084243774414,"orthographic":false}