{"cameraMode":{"drawMode":0,"name":"Shaded","section":"Shading Mode"},"sceneLighting":false,"audioPlay":false,"sceneViewState":{"showFog":true,"showMaterialUpdate":false,"showSkybox":true,"showFlares":true,"showImageEffects":true,"showParticleSystems":true},"in2DMode":false,"pivot":{"x":25.849021911621095,"y":0.869835615158081,"z":-21.984375},"rotation":{"x":0.0029990270268172027,"y":0.9292569160461426,"z":-0.3693450391292572,"w":0.007541758473962545},"size":3.989084243774414,"orthographic":false}