{"cameraMode":{"drawMode":0,"name":"Shaded","section":"Shading Mode"},"sceneLighting":true,"audioPlay":false,"sceneViewState":{"showFog":true,"showMaterialUpdate":false,"showSkybox":true,"showFlares":true,"showImageEffects":true,"showParticleSystems":true},"in2DMode":false,"pivot":{"x":-43.657798767089847,"y":5.532381534576416,"z":14.063799858093262},"rotation":{"x":-0.20918451249599458,"y":-0.6194527745246887,"z":0.17608420550823213,"w":-0.7358766794204712},"size":26.235408782958986,"orthographic":false}