{"cameraMode":{"drawMode":0,"name":"Shaded","section":"Shading Mode"},"sceneLighting":false,"audioPlay":false,"sceneViewState":{"showFog":true,"showMaterialUpdate":false,"showSkybox":true,"showFlares":true,"showImageEffects":true,"showParticleSystems":true},"in2DMode":false,"pivot":{"x":5.466995716094971,"y":9.004753112792969,"z":-9.799517631530762},"rotation":{"x":-0.31901252269744875,"y":0.37217530608177187,"z":-0.13795886933803559,"w":-0.8606299757957459},"size":5.873908042907715,"orthographic":false}