{"cameraMode":{"drawMode":0,"name":"Shaded","section":"Shading Mode"},"sceneLighting":true,"audioPlay":false,"sceneViewState":{"showFog":true,"showMaterialUpdate":true,"showSkybox":true,"showFlares":true,"showImageEffects":true,"showParticleSystems":true},"in2DMode":false,"pivot":{"x":-226.64308166503907,"y":2.5851891040802,"z":40.35429000854492},"rotation":{"x":0.04915192350745201,"y":-0.3265513479709625,"z":0.017005672678351404,"w":0.9437474012374878},"size":22.0,"orthographic":false}