{"cameraMode":{"drawMode":0,"name":"Shaded","section":"Shading Mode"},"sceneLighting":false,"audioPlay":false,"sceneViewState":{"showFog":true,"showMaterialUpdate":false,"showSkybox":true,"showFlares":true,"showImageEffects":true,"showParticleSystems":true},"in2DMode":false,"pivot":{"x":-18.7507381439209,"y":13.145612716674805,"z":20.803468704223634},"rotation":{"x":0.24208560585975648,"y":0.49630898237228396,"z":-0.14638681709766389,"w":0.8207575082778931},"size":3.8109161853790285,"orthographic":false}