{"cameraMode":{"drawMode":0,"name":"Shaded","section":"Shading Mode"},"sceneLighting":true,"audioPlay":false,"sceneViewState":{"showFog":true,"showMaterialUpdate":true,"showSkybox":true,"showFlares":true,"showImageEffects":true,"showParticleSystems":true},"in2DMode":false,"pivot":{"x":56.11421203613281,"y":34.34326171875,"z":39.11272430419922},"rotation":{"x":-0.12370440363883972,"y":0.8553817272186279,"z":-0.23909886181354524,"w":-0.4425505995750427},"size":5.821103096008301,"orthographic":false}