{"cameraMode":{"drawMode":0,"name":"Shaded","section":"Shading Mode"},"sceneLighting":true,"audioPlay":false,"sceneViewState":{"showFog":true,"showMaterialUpdate":true,"showSkybox":true,"showFlares":true,"showImageEffects":true,"showParticleSystems":true},"in2DMode":false,"pivot":{"x":-228.1468963623047,"y":1.4741744995117188,"z":0.027166366577148439},"rotation":{"x":-0.41811707615852358,"y":0.03597981482744217,"z":-0.01657106541097164,"w":-0.9075290560722351},"size":46.49116134643555,"orthographic":false}