{"cameraMode":{"drawMode":0,"name":"Shaded","section":"Shading Mode"},"sceneLighting":true,"audioPlay":false,"sceneViewState":{"showFog":true,"showMaterialUpdate":true,"showSkybox":true,"showFlares":true,"showImageEffects":true,"showParticleSystems":true},"in2DMode":false,"pivot":{"x":-54.12148666381836,"y":5.310279369354248,"z":20.16720962524414},"rotation":{"x":-0.15136298537254334,"y":-0.670948326587677,"z":0.14269250631332398,"w":-0.7117278575897217},"size":0.01575636863708496,"orthographic":false}