{"cameraMode":{"drawMode":0,"name":"Shaded","section":"Shading Mode"},"sceneLighting":true,"audioPlay":false,"sceneViewState":{"showFog":true,"showMaterialUpdate":true,"showSkybox":true,"showFlares":true,"showImageEffects":true,"showParticleSystems":true},"in2DMode":false,"pivot":{"x":-0.0350000262260437,"y":1.0475499629974366,"z":0.046999990940093997},"rotation":{"x":-0.20262748003005982,"y":0.7973223328590393,"z":-0.4072524309158325,"w":-0.39669227600097659},"size":4.756067752838135,"orthographic":false}