{"cameraMode":{"drawMode":0,"name":"Shaded","section":"Shading Mode"},"sceneLighting":true,"audioPlay":false,"sceneViewState":{"showFog":true,"showMaterialUpdate":false,"showSkybox":true,"showFlares":true,"showImageEffects":true,"showParticleSystems":true},"in2DMode":false,"pivot":{"x":-57.15557098388672,"y":18.728776931762697,"z":-11.546587944030762},"rotation":{"x":0.13221268355846406,"y":0.7011014819145203,"z":-0.13480190932750703,"w":0.6876082420349121},"size":22.0,"orthographic":false}