{"cameraMode":{"drawMode":0,"name":"Shaded","section":"Shading Mode"},"sceneLighting":true,"audioPlay":false,"sceneViewState":{"showFog":true,"showMaterialUpdate":true,"showSkybox":true,"showFlares":true,"showImageEffects":true,"showParticleSystems":true},"in2DMode":false,"pivot":{"x":-251.2091827392578,"y":55.074798583984378,"z":-25.31090545654297},"rotation":{"x":-0.5356212854385376,"y":0.00984954833984375,"z":-0.006242710631340742,"w":-0.8443778157234192},"size":22.0,"orthographic":false}