{"cameraMode":{"drawMode":0,"name":"Shaded","section":"Shading Mode"},"sceneLighting":true,"audioPlay":false,"sceneViewState":{"showFog":true,"showMaterialUpdate":true,"showSkybox":true,"showFlares":true,"showImageEffects":true,"showParticleSystems":true},"in2DMode":false,"pivot":{"x":1.487488031387329,"y":2.989180088043213,"z":22.2536678314209},"rotation":{"x":-0.09506562352180481,"y":0.3108638525009155,"z":-0.03126215934753418,"w":-0.9451714158058167},"size":4.001038551330566,"orthographic":false}