{"cameraMode":{"drawMode":0,"name":"Shaded","section":"Shading Mode"},"sceneLighting":false,"audioPlay":false,"sceneViewState":{"showFog":true,"showMaterialUpdate":true,"showSkybox":true,"showFlares":true,"showImageEffects":true,"showParticleSystems":true},"in2DMode":false,"pivot":{"x":-4.830542087554932,"y":0.12710654735565186,"z":11.468509674072266},"rotation":{"x":-0.04509438946843147,"y":0.9414598941802979,"z":-0.30338335037231448,"w":-0.13992257416248322},"size":2.2342538833618166,"orthographic":false}