{"cameraMode":{"drawMode":0,"name":"Shaded","section":"Shading Mode"},"sceneLighting":true,"audioPlay":false,"sceneViewState":{"showFog":true,"showMaterialUpdate":true,"showSkybox":true,"showFlares":true,"showImageEffects":true,"showParticleSystems":true},"in2DMode":false,"pivot":{"x":-288.2452697753906,"y":25.155776977539064,"z":3.7697200775146486},"rotation":{"x":0.16762816905975343,"y":0.7785876989364624,"z":-0.2340669184923172,"w":0.557597279548645},"size":14.411348342895508,"orthographic":false}