{"cameraMode":{"drawMode":0,"name":"Shaded","section":"Shading Mode"},"sceneLighting":true,"audioPlay":false,"sceneViewState":{"showFog":true,"showMaterialUpdate":false,"showSkybox":true,"showFlares":true,"showImageEffects":true,"showParticleSystems":true},"in2DMode":false,"pivot":{"x":-22.55925750732422,"y":13.642414093017579,"z":31.933382034301759},"rotation":{"x":0.17383089661598206,"y":-0.8179860711097717,"z":0.3186246454715729,"w":0.4462735056877136},"size":7.363500595092773,"orthographic":false}